File, P1, P2, Date, Workers, Time Start, Time End, Collection, Magazine Name, Structure, Sheet Notes, Volume, Year, Date Start, Date End, Issue Start, Issue End, Type, Notes, Other Data
http://static.free-dissociation.com/magventory/mag-000.jpg, kevinr, dnawi, 1/22/08, KKB, , , C/M, , , processed in by Magdex., 97, 1999, 9, 12, 97-3, 97-6, U, Fantasy & Science Fiction, Whole Issue #: 577-579
http://static.free-dissociation.com/magventory/mag-000.jpg, kevinr, dnawi, 1/22/08, KKB, , , C/M, , , processed in by Magdex., 100, 2001, 1, 4, 100-1, 100-4, U, Fantasy & Science Fiction, Whole Issue #: 591-594
http://static.free-dissociation.com/magventory/mag-000.jpg, kevinr, dnawi, 1/22/08, KKB, , , C/M, , , processed in by Magdex., 101, 2001, 9, 12, 101-3, 101-6, U, Fantasy & Science Fiction, Whole Issue #: 599-601
http://static.free-dissociation.com/magventory/mag-000.jpg, kevinr, dnawi, 1/22/08, KKB, , , C/M, , , processed in by Magdex., 104-105, 2003, 2, 12, 104-2, 105-6, U, Fantasy & Science Fiction, Whole Issue #: 614-623
http://static.free-dissociation.com/magventory/mag-000.jpg, kevinr, dnawi, 1/22/08, KKB, , , C/M, , , processed in by Magdex., 106-107, 2004, 1, 12, 106-1, 107-6, U, Fantasy & Science Fiction, Whole Issue #: 624-634
http://static.free-dissociation.com/magventory/mag-000.jpg, kevinr, dnawi, 1/22/08, KKB, , , C/M, , , processed in by Magdex., 108-109, 2005, 1, 7, 108-1, 109-1, U, Fantasy & Science Fiction, Whole Issue #: 635-641
http://static.free-dissociation.com/magventory/mag-000.jpg, kevinr, dnawi, 1/22/08, KKB, , , C/M, , , processed in by Magdex., 109, 2005, 9, , 109-3, , U, Fantasy & Science Fiction, Whole Issue #: 643
http://static.free-dissociation.com/magventory/mag-000.jpg, kevinr, dnawi, 1/22/08, KKB, , , C/M, , , processed in by Magdex., 109, 2005, 12, , 109-6, , U, Fantasy & Science Fiction, Whole Issue #: 645
http://static.free-dissociation.com/magventory/mag-000.jpg, kevinr, dnawi, 1/22/08, KKB, , , C/M, , , processed in by Magdex., 110, 2006, 1, 3, 110-1, 110-3, U, Fantasy & Science Fiction, Whole Issue #: 646-648
http://static.free-dissociation.com/magventory/mag-000.jpg, kevinr, dnawi, 1/22/08, KKB, , , C/M, , , processed in by Magdex., 102, 2002, 1, 5, 102-1, 102-5, U, Fantasy & Science Fiction, Whole Issue #: 602-606
http://static.free-dissociation.com/magventory/mag-000.jpg, kevinr, dnawi, 1/22/08, KKB, , , C/M, , , processed in by Magdex., 103, 2002, 7, 12, 103-1, 103-6, U, Fantasy & Science Fiction, Whole Issue #: 608-612
http://static.free-dissociation.com/magventory/mag-000.jpg, kevinr, dnawi, 1/22/08, KKB, , , C/M, , , processed in by Magdex., 104, 2003, 1, , 104-1, , U, Fantasy & Science Fiction, Whole Issue #: 613
http://static.free-dissociation.com/magventory/mag-001.jpg, kevinr, dnawi, 1/22/08, KKB, , , Reserve; New(ish) Mags, , , processed in from MagDex, 100-101, 2001, 1, 9, 100-1, 101-3, U, Fantasy & Science Fiction, Whole Issue #: 591-599
http://static.free-dissociation.com/magventory/mag-001.jpg, kevinr, dnawi, 1/22/08, KKB, , , Reserve; New(ish) Mags, , , processed in from MagDex, 97, 1999, 12, , 97-6, , U, Fantasy & Science Fiction, Whole Issue #: 579
http://static.free-dissociation.com/magventory/mag-001.jpg, kevinr, dnawi, 1/22/08, KKB, , , Reserve; New(ish) Mags, , , processed in from MagDex, 103, 2002, 7, , 103-1, , U, Fantasy & Science Fiction, Whole Issue #: 608
http://static.free-dissociation.com/magventory/mag-001.jpg, kevinr, dnawi, 1/22/08, KKB, , , Reserve; New(ish) Mags, , , processed in from MagDex, 109, 2005, 8, , 109-2, , U, , Whole Issue #: 642
http://static.free-dissociation.com/magventory/mag-001.jpg, kevinr, dnawi, 1/22/08, KKB, , , Reserve; New(ish) Mags, , , processed in from MagDex, 109, 2005, 10-11, , 109-435, , U, , Whole Issue #: 644
http://static.free-dissociation.com/magventory/mag-002.jpg, kevinr, dnawi, 1/12/08, KKB, , , New Mags processed from mail, misc., , , , , 12/07, , 14-2, , U, Realms of Fantasy
http://static.free-dissociation.com/magventory/mag-002.jpg, kevinr, dnawi, 1/12/08, KKB, , , New Mags processed from mail, misc., , , , , , , 1-11, , U, Apex
http://static.free-dissociation.com/magventory/mag-002.jpg, kevinr, dnawi, 1/12/08, KKB, , , New Mags processed from mail, misc., , , , , 1/08, , 114-1, , U, Fantasy & Science Fiction
http://static.free-dissociation.com/magventory/mag-002.jpg, kevinr, dnawi, 1/12/08, KKB, , , New Mags processed from mail, misc., , , , , 11/07, , 59-5 (562), , U, Locus
http://static.free-dissociation.com/magventory/mag-002.jpg, kevinr, dnawi, 1/12/08, KKB, , , New Mags processed from mail, misc., , , , , 2/08, , 14-3, , U, Realms of Fantasy
http://static.free-dissociation.com/magventory/mag-002.jpg, kevinr, dnawi, 1/12/08, KKB, , , New Mags processed from mail, misc., , , , , 11/07, , 231 (20-3), , U, NYRSF
http://static.free-dissociation.com/magventory/mag-002.jpg, kevinr, dnawi, 1/12/08, KKB, , , New Mags processed from mail, misc., , , , , 12/07, , 213, , U, Interzone
http://static.free-dissociation.com/magventory/mag-002.jpg, kevinr, dnawi, 1/12/08, KKB, , , New Mags processed from mail, misc., , , , 2007, Fall, , 19-3 (70), , U, OnSpec
http://static.free-dissociation.com/magventory/mag-002.jpg, kevinr, dnawi, 1/12/08, KKB, , , New Mags processed from mail, misc., , , , , 12/07, , 113-6 (667), , U, Fantasy & Science Fiction
http://static.free-dissociation.com/magventory/mag-002.jpg, kevinr, dnawi, 1/12/08, KKB, , , New Mags processed from mail, misc., , , , , 1/08, , 32-1 (384), , U, Asimov's Science Fiction
http://static.free-dissociation.com/magventory/mag-002.jpg, kevinr, dnawi, 1/12/08, KKB, , , New Mags processed from mail, misc., , , , , 10/07, , 20-2 (230), , U, NYRSF
http://static.free-dissociation.com/magventory/mag-002.jpg, kevinr, dnawi, 1/12/08, KKB, , , New Mags processed from mail, misc., , , , , 1-2/08, , 128-1 and 2, , U, Analog
http://static.free-dissociation.com/magventory/mag-002.jpg, kevinr, dnawi, 1/12/08, KKB, , , New Mags processed from mail, misc., , , , , 9-10/07, , 212, , U, Interzone
http://static.free-dissociation.com/magventory/mag-002.jpg, kevinr, dnawi, 1/12/08, KKB, , , New Mags processed from mail, misc., , , , , 10/07, , 59-4 (561), , U, Locus
http://static.free-dissociation.com/magventory/mag-002.jpg, kevinr, dnawi, 1/12/08, KKB, , , New Mags processed from mail, misc., , , , 2007, Autumn, , 11, , U, Paradox
http://static.free-dissociation.com/magventory/mag-003.jpg, kevinr, dnawi, 10/21/07, KKB, , , C/M, F&SF, , MagDex Processing, , 1997, 8, , 93-2 (554), , U, 
http://static.free-dissociation.com/magventory/mag-003.jpg, kevinr, dnawi, 10/21/07, KKB, , , C/M, F&SF, , MagDex Processing, , 1997, 2, , 92-2 (548), , U, 
http://static.free-dissociation.com/magventory/mag-003.jpg, kevinr, dnawi, 10/21/07, KKB, , , C/M, F&SF, , MagDex Processing, , 1996, 3, , 90-3 (538), , U, 
http://static.free-dissociation.com/magventory/mag-003.jpg, kevinr, dnawi, 10/21/07, KKB, , , C/M, F&SF, , MagDex Processing, , 1996, 1, , 90-1 (536), , U, 
http://static.free-dissociation.com/magventory/mag-004.jpg, ianyh, nhinchen, 10-21-07, KKB, , , New Mags, misc, , New Mags processed from incoming mail, 19, 2007, 7-07, , 227 (19-11), , u, The New York Review of Science Fiction
http://static.free-dissociation.com/magventory/mag-004.jpg, ianyh, nhinchen, 10-21-07, KKB, , , New Mags, misc, , New Mags processed from incoming mail, 20, 2007, 9-07, , 229 (20-1), , u, The New York Review of Science Fiction
http://static.free-dissociation.com/magventory/mag-004.jpg, ianyh, nhinchen, 10-21-07, KKB, , , New Mags, misc, , New Mags processed from incoming mail, , 2007, 7-8, , 211, , u, Interzone
http://static.free-dissociation.com/magventory/mag-004.jpg, ianyh, nhinchen, 10-21-07, KKB, , , New Mags, misc, , New Mags processed from incoming mail, 14, 2007, 10-07, , 14-1, , u, Realms of Fantasy
http://static.free-dissociation.com/magventory/mag-004.jpg, ianyh, nhinchen, 10-21-07, KKB, , , New Mags, misc, , New Mags processed from incoming mail, 59, 2007, 7-07, , 59-1 (558), , u, Locus
http://static.free-dissociation.com/magventory/mag-004.jpg, ianyh, nhinchen, 10-21-07, KKB, , , New Mags, misc, , New Mags processed from incoming mail, 59, 2007, 9-07, , 59-3 (560), , u, Locus
http://static.free-dissociation.com/magventory/mag-004.jpg, ianyh, nhinchen, 10-21-07, KKB, , , New Mags, misc, , New Mags processed from incoming mail, 127, 2007, 10-07, , 127-10, , u, Analog
http://static.free-dissociation.com/magventory/mag-004.jpg, ianyh, nhinchen, 10-21-07, KKB, , , New Mags, misc, , New Mags processed from incoming mail, 127, 2007, 11-07, , 127-11, , u, Analog
http://static.free-dissociation.com/magventory/mag-004.jpg, ianyh, nhinchen, 10-21-07, KKB, , , New Mags, misc, , New Mags processed from incoming mail, 127, 2007, 12-07, , 127-12, , u, Analog
http://static.free-dissociation.com/magventory/mag-004.jpg, ianyh, nhinchen, 10-21-07, KKB, , , New Mags, misc, , New Mags processed from incoming mail, 31, 2007, 9-07, , 31-9 (380), , u, Asimov's Science Fiction
http://static.free-dissociation.com/magventory/mag-004.jpg, ianyh, nhinchen, 10-21-07, KKB, , , New Mags, misc, , New Mags processed from incoming mail, 31, 2007, 12-07, , 31-12 (383), , u, Asimov's Science Fiction
http://static.free-dissociation.com/magventory/mag-004.jpg, ianyh, nhinchen, 10-21-07, KKB, , , New Mags, misc, , New Mags processed from incoming mail, 113, 2007, 9-07, , 113-3 (665), , u, Fantasy & Science Fiction
http://static.free-dissociation.com/magventory/mag-004.jpg, ianyh, nhinchen, 10-21-07, KKB, , , New Mags, misc, , New Mags processed from incoming mail, 19, 2007, Summer, , 19-2 (69), , u, OnSpec
http://static.free-dissociation.com/magventory/mag-004.jpg, ianyh, nhinchen, 10-21-07, KKB, , , New Mags, misc, , New Mags processed from incoming mail, , 2007, , , 12, , u, Neo-opsis Science Fiction Magazine
http://static.free-dissociation.com/magventory/mag-004.jpg, ianyh, nhinchen, 10-21-07, KKB, , , New Mags, misc, , New Mags processed from incoming mail, 1, 2007, , , 1-10, , u, Apex
http://static.free-dissociation.com/magventory/mag-006.jpg, keach, mgentile555, , JSB, , , F unDA (FPR), Perry Rhodan, , Silver holographic (abridged?) German, , , , , 1, , B, 
http://static.free-dissociation.com/magventory/mag-006.jpg, keach, mgentile555, , JSB, , , F unDA (FPR), Perry Rhodan, , Silver holographic (abridged?) German, , , , , 65, , B, 
http://static.free-dissociation.com/magventory/mag-006.jpg, keach, mgentile555, , JSB, , , F unDA (FPR), Perry Rhodan, , Silver holographic (abridged?) German, , , , , 68, , B, 
http://static.free-dissociation.com/magventory/mag-006.jpg, keach, mgentile555, , JSB, , , F unDA (FPR), Perry Rhodan, , Silver holographic (abridged?) German, , , , , 69, , B, 
http://static.free-dissociation.com/magventory/mag-006.jpg, keach, mgentile555, , JSB, , , F unDA (FPR), Perry Rhodan, , Silver holographic (abridged?) German, , , , , 70, , B, 
http://static.free-dissociation.com/magventory/mag-006.jpg, keach, mgentile555, , JSB, , , F unDA (FPR), Perry Rhodan, , Silver holographic (abridged?) German, , , , , 71, , B, 
http://static.free-dissociation.com/magventory/mag-006.jpg, keach, mgentile555, , JSB, , , F unDA (FPR), Perry Rhodan, , Silver holographic (abridged?) German, , , , , 72, , B, 
http://static.free-dissociation.com/magventory/mag-006.jpg, keach, mgentile555, , JSB, , , F unDA (FPR), Perry Rhodan, , Silver holographic (abridged?) German, , , , , 73, , B, 
http://static.free-dissociation.com/magventory/mag-006.jpg, keach, mgentile555, , JSB, , , F unDA (FPR), Perry Rhodan, , Silver holographic (abridged?) German, , , , , 74, , B, 
http://static.free-dissociation.com/magventory/mag-006.jpg, keach, mgentile555, , JSB, , , F unDA (FPR), Perry Rhodan, , Silver holographic (abridged?) German, , , , , 75, , B, 
http://static.free-dissociation.com/magventory/mag-006.jpg, keach, mgentile555, , JSB, , , F unDA (FPR), Perry Rhodan, , Silver holographic (abridged?) German, , , , , 76, , B, 
http://static.free-dissociation.com/magventory/mag-006.jpg, keach, mgentile555, , JSB, , , F unDA (FPR), Perry Rhodan, , Silver holographic (abridged?) German, , , , , 77, , B, 
http://static.free-dissociation.com/magventory/mag-006.jpg, keach, mgentile555, , JSB, , , F unDA (FPR), Perry Rhodan, , Silver holographic (abridged?) German, , , , , 78, , B, 
http://static.free-dissociation.com/magventory/mag-006.jpg, keach, mgentile555, , JSB, , , F unDA (FPR), Perry Rhodan, , Silver holographic (abridged?) German, , , , , 80, , B, 
http://static.free-dissociation.com/magventory/mag-006.jpg, keach, mgentile555, , JSB, , , F unDA (FPR), Perry Rhodan, , Silver holographic (abridged?) German, , , , , 81, , B, 
http://static.free-dissociation.com/magventory/mag-007.jpg, kevinr, mgentile555, 10/4/2007, JSB, , , F unDA (FPR), Perry Rhodan, , original version (German), , , , , 91, 105, B, 
http://static.free-dissociation.com/magventory/mag-007.jpg, kevinr, mgentile555, 10/4/2007, JSB, , , F unDA (FPR), Perry Rhodan, , original version (German), , , , , 106, 120, B, 
http://static.free-dissociation.com/magventory/mag-007.jpg, kevinr, mgentile555, 10/4/2007, JSB, , , F unDA (FPR), Perry Rhodan, , original version (German), , , , , 136, 150, B, 
http://static.free-dissociation.com/magventory/mag-007.jpg, kevinr, mgentile555, 10/4/2007, JSB, , , F unDA (FPR), Perry Rhodan, , original version (German), , , , , 151, 165, B, 
http://static.free-dissociation.com/magventory/mag-007.jpg, kevinr, mgentile555, 10/4/2007, JSB, , , F unDA (FPR), Perry Rhodan, , original version (German), , , , , 376, 390, B, 
http://static.free-dissociation.com/magventory/mag-007.jpg, kevinr, mgentile555, 10/4/2007, JSB, , , F unDA (FPR), Perry Rhodan, , original version (German), , , , , 391, 405, B, 
http://static.free-dissociation.com/magventory/mag-007.jpg, kevinr, mgentile555, 10/4/2007, JSB, , , F unDA (FPR), Perry Rhodan, , original version (German), , , , , 421, 435, B, 
http://static.free-dissociation.com/magventory/mag-007.jpg, kevinr, mgentile555, 10/4/2007, JSB, , , F unDA (FPR), Perry Rhodan, , original version (German), , , , , 466, 480, B, 
http://static.free-dissociation.com/magventory/mag-007.jpg, kevinr, mgentile555, 10/4/2007, JSB, , , F unDA (FPR), Perry Rhodan, , original version (German), , , , , 481, 495, B, 
http://static.free-dissociation.com/magventory/mag-007.jpg, kevinr, mgentile555, 10/4/2007, JSB, , , F unDA (FPR), Perry Rhodan, , original version (German), , , , , 496, 510, B, 
http://static.free-dissociation.com/magventory/mag-007.jpg, kevinr, mgentile555, 10/4/2007, JSB, , , F unDA (FPR), Perry Rhodan, , original version (German), , , , , 511, 525, B, 
http://static.free-dissociation.com/magventory/mag-007.jpg, kevinr, mgentile555, 10/4/2007, JSB, , , F unDA (FPR), Perry Rhodan, , original version (German), , , , , 541, 555, B, 
http://static.free-dissociation.com/magventory/mag-007.jpg, kevinr, mgentile555, 10/4/2007, JSB, , , F unDA (FPR), Perry Rhodan, , original version (German), , , , , 556, 570, B, 
http://static.free-dissociation.com/magventory/mag-007.jpg, kevinr, mgentile555, 10/4/2007, JSB, , , F unDA (FPR), Perry Rhodan, , original version (German), , , , , 571, 585, B, 
http://static.free-dissociation.com/magventory/mag-007.jpg, kevinr, mgentile555, 10/4/2007, JSB, , , F unDA (FPR), Perry Rhodan, , original version (German), , , , , 65, 67, U, 
http://static.free-dissociation.com/magventory/mag-007.jpg, kevinr, mgentile555, 10/4/2007, JSB, , , F unDA (FPR), Perry Rhodan, , original version (German), , , , , 85, , U, 
http://static.free-dissociation.com/magventory/mag-007.jpg, kevinr, mgentile555, 10/4/2007, JSB, , , F unDA (FPR), Perry Rhodan, , original version (German), , , , , 119, , U, 
http://static.free-dissociation.com/magventory/mag-007.jpg, kevinr, mgentile555, 10/4/2007, JSB, , , F unDA (FPR), Perry Rhodan, , original version (German), , , , , 130, 131, U, 
http://static.free-dissociation.com/magventory/mag-007.jpg, kevinr, mgentile555, 10/4/2007, JSB, , , F unDA (FPR), Perry Rhodan, , original version (German), , , , , 133, , U, 
http://static.free-dissociation.com/magventory/mag-007.jpg, kevinr, mgentile555, 10/4/2007, JSB, , , F unDA (FPR), Perry Rhodan, , original version (German), , , , , 138, , U, 
http://static.free-dissociation.com/magventory/mag-007.jpg, kevinr, mgentile555, 10/4/2007, JSB, , , F unDA (FPR), Perry Rhodan, , original version (German), , , , , 142, , U, 
http://static.free-dissociation.com/magventory/mag-007.jpg, kevinr, mgentile555, 10/4/2007, JSB, , , F unDA (FPR), Perry Rhodan, , original version (German), , , , , 147, , U, 
http://static.free-dissociation.com/magventory/mag-008.jpg, kevinr, mgentile555, 10/4/2007, JSB+JFC, , , unDA, misc, , , , 1950-53, 1950, 1953, 1-1, 2-1, B, Wonder Stories Annual (4 issues)
http://static.free-dissociation.com/magventory/mag-008.jpg, kevinr, mgentile555, 10/4/2007, JSB+JFC, , , unDA, misc, , , , 1950; 52, ?, ?, 1, 5, B, Wonders of the Spaceways
http://static.free-dissociation.com/magventory/mag-008.jpg, kevinr, mgentile555, 10/4/2007, JSB+JFC, , , unDA, misc, , , , , , , 13, 14, U, Worlds of Fantasy
http://static.free-dissociation.com/magventory/mag-008.jpg, kevinr, mgentile555, 10/4/2007, JSB+JFC, , , unDA, misc, , , , 1968; 70; 71, ?; 1970; Win 70-71; Spr 1971, 1-1, 1-4, B, U, 
http://static.free-dissociation.com/magventory/mag-008.jpg, kevinr, mgentile555, 10/4/2007, JSB+JFC, , , unDA, misc, , , , , Fall; 9-Nov, , 23-1 (176), , U, Worlds of If (1 issue)
http://static.free-dissociation.com/magventory/mag-008.jpg, kevinr, mgentile555, 10/4/2007, JSB+JFC, , , unDA, misc, , , , , , , 6; 7; 9; 10, , U, Wonders of the Spaceways
http://static.free-dissociation.com/magventory/mag-008.jpg, kevinr, mgentile555, 10/4/2007, JSB+JFC, , , unDA, misc, , , , , , , 1, 5, B, Worlds of Fantasy  1st issue questionable?
http://static.free-dissociation.com/magventory/mag-008.jpg, kevinr, mgentile555, 10/4/2007, JSB+JFC, , , unDA, misc, , , , , , , 6, 10, B, Worlds of Fantasy
http://static.free-dissociation.com/magventory/mag-008.jpg, kevinr, mgentile555, 10/4/2007, JSB+JFC, , , unDA, misc, , , , 1963, 4, 12, 1-1, 1-5, B, Worlds of Tomorrow ("bimonthly
http://static.free-dissociation.com/magventory/mag-008.jpg, kevinr, mgentile555, 10/4/2007, JSB+JFC, , , unDA, misc, , , , 1964, 2; 4; 6; 8; 11, , 1-6, 2-4, B, Worlds of Tomorrow
http://static.free-dissociation.com/magventory/mag-008.jpg, kevinr, mgentile555, 10/4/2007, JSB+JFC, , , unDA, misc, , , , 1965, 1, 11, 2-5 (11), 3-4 (16), B, Worlds of Tomorrow
http://static.free-dissociation.com/magventory/mag-008.jpg, kevinr, mgentile555, 10/4/2007, JSB+JFC, , , unDA, misc, , , , 1966-67, 1/66; 3/66; 5/66; 8/66; 11/66; 2/67; 5/67, , 3-5 (12), 4-4 (23), B, Worlds of Tomorrow  rolls after 3-7  "quarterly" in avg
http://static.free-dissociation.com/magventory/mag-008.jpg, kevinr, mgentile555, 10/4/2007, JSB+JFC, , , unDA, misc, , , , 1970-71, 1970; Win/70; Spr/71, , 5-1 (24), 5-3 (26), B, Worlds of Tomorrow
http://static.free-dissociation.com/magventory/mag-009.jpg, kevinr, mgentile555, 9/27/2007, JSB+JFC, , , unDA, Thrilling Wonder Stories, , filed under "Wonder Stories", , 1945, Win, Fall, 26-3, 27-3, B, quarterly
http://static.free-dissociation.com/magventory/mag-009.jpg, kevinr, mgentile555, 9/27/2007, JSB+JFC, , , unDA, Thrilling Wonder Stories, , filed under "Wonder Stories", , 1996, Win; Spr; Sum; Fall; 12, , 28-1, 29-2, B, back to bimonthly in Dec
http://static.free-dissociation.com/magventory/mag-009.jpg, kevinr, mgentile555, 9/27/2007, JSB+JFC, , , unDA, Thrilling Wonder Stories, , filed under "Wonder Stories", , 1947, 2, 12, 29-3, 31-2, B, 
http://static.free-dissociation.com/magventory/mag-009.jpg, kevinr, mgentile555, 9/27/2007, JSB+JFC, , , unDA, Thrilling Wonder Stories, , filed under "Wonder Stories", , 1948, 2, 12, 31-3, 33-2, B, 
http://static.free-dissociation.com/magventory/mag-009.jpg, kevinr, mgentile555, 9/27/2007, JSB+JFC, , , unDA, Thrilling Wonder Stories, , filed under "Wonder Stories", , 1949, 2, 12, 33-3, 35-2, B, 
http://static.free-dissociation.com/magventory/mag-009.jpg, kevinr, mgentile555, 9/27/2007, JSB+JFC, , , unDA, Thrilling Wonder Stories, , filed under "Wonder Stories", , 1950, 2, 12, 35-3, 37-2, B, 
http://static.free-dissociation.com/magventory/mag-009.jpg, kevinr, mgentile555, 9/27/2007, JSB+JFC, , , unDA, Thrilling Wonder Stories, , filed under "Wonder Stories", , 1951, 2, 12, 37-3, 39-2, B, 
http://static.free-dissociation.com/magventory/mag-009.jpg, kevinr, mgentile555, 9/27/2007, JSB+JFC, , , unDA, Thrilling Wonder Stories, , filed under "Wonder Stories", , 1952, 2, 12, 39-3, 41-2, B, 
http://static.free-dissociation.com/magventory/mag-009.jpg, kevinr, mgentile555, 9/27/2007, JSB+JFC, , , unDA, Thrilling Wonder Stories, , filed under "Wonder Stories", , 1953, 2; 4; 6; 8; 11, , 41-3, 43-1, B, 
http://static.free-dissociation.com/magventory/mag-009.jpg, kevinr, mgentile555, 9/27/2007, JSB+JFC, , , unDA, Thrilling Wonder Stories, , filed under "Wonder Stories", , 1954-55, Win/54; Spr/54; Sum/54; Fall/54; Win/55, , 43-2, 44-3, B, 
http://static.free-dissociation.com/magventory/mag-010.jpg, kevinr, mgentile555, 9/27/2007, JSB+JFC, , , unDA, Wonder Stories, monthly bimonthly, Continuous page #ing in each volume, , 1930, 11/30, 4/31, 2-6, 2-11, B, 
http://static.free-dissociation.com/magventory/mag-010.jpg, kevinr, mgentile555, 9/27/2007, JSB+JFC, , , unDA, Wonder Stories, monthly bimonthly, Continuous page #ing in each volume, , 1931-2, 11/31, 2/32, 3-6, 3-9, B, 
http://static.free-dissociation.com/magventory/mag-010.jpg, kevinr, mgentile555, 9/27/2007, JSB+JFC, , , unDA, Wonder Stories, monthly bimonthly, Continuous page #ing in each volume, , 1932, 3, 6, 3-10, 4-1, B, 
http://static.free-dissociation.com/magventory/mag-010.jpg, kevinr, mgentile555, 9/27/2007, JSB+JFC, , , unDA, Wonder Stories, monthly bimonthly, Continuous page #ing in each volume, , 1932p2, 7, 12, 4-2, 4-7, B, 
http://static.free-dissociation.com/magventory/mag-010.jpg, kevinr, mgentile555, 9/27/2007, JSB+JFC, , , unDA, Wonder Stories, monthly bimonthly, Continuous page #ing in each volume, , 1933p1, 1, 5, 4-8, 4-12, B, 
http://static.free-dissociation.com/magventory/mag-010.jpg, kevinr, mgentile555, 9/27/2007, JSB+JFC, , , unDA, Wonder Stories, monthly bimonthly, Continuous page #ing in each volume, , 1933p2, 6, 10, 5-1, 5-3, B, (bimonthly)
http://static.free-dissociation.com/magventory/mag-010.jpg, kevinr, mgentile555, 9/27/2007, JSB+JFC, , , unDA, Wonder Stories, monthly bimonthly, Continuous page #ing in each volume, , 1934p1, 1, 6, 5-6, 6-1, B, (rolls at 5-10) back to monthly
http://static.free-dissociation.com/magventory/mag-010.jpg, kevinr, mgentile555, 9/27/2007, JSB+JFC, , , unDA, Wonder Stories, monthly bimonthly, Continuous page #ing in each volume, , 1934p2, 7, 12, 6-2, 6-7, B, 
http://static.free-dissociation.com/magventory/mag-010.jpg, kevinr, mgentile555, 9/27/2007, JSB+JFC, , , unDA, Wonder Stories, monthly bimonthly, Continuous page #ing in each volume, , 1935p1, 1, 6, 6-8, 7-1, B, 
http://static.free-dissociation.com/magventory/mag-010.jpg, kevinr, mgentile555, 9/27/2007, JSB+JFC, , , unDA, Wonder Stories, monthly bimonthly, Continuous page #ing in each volume, , 1935p2, 7, 12, 7-2, 7-6, B, No November issue
http://static.free-dissociation.com/magventory/mag-010.jpg, kevinr, mgentile555, 9/27/2007, JSB+JFC, , , unDA, Wonder Stories, monthly bimonthly, Continuous page #ing in each volume, , 1936, 1&2; 3&4; 8; 10; 12, , 7-7, 8-3, B, changes to "Thrilling Wonder Stories" and bimonthly and continuous #ing stops in August (8-1)
http://static.free-dissociation.com/magventory/mag-010.jpg, kevinr, mgentile555, 9/27/2007, JSB+JFC, , , unDA, Wonder Stories, monthly bimonthly, Continuous page #ing in each volume, , 1937, 2, 12, 9-1, 10-5, B, 
http://static.free-dissociation.com/magventory/mag-010.jpg, kevinr, mgentile555, 9/27/2007, JSB+JFC, , , unDA, Wonder Stories, monthly bimonthly, Continuous page #ing in each volume, , 1938, 2, 12, 11-1, 12-3, B, 
http://static.free-dissociation.com/magventory/mag-010.jpg, kevinr, mgentile555, 9/27/2007, JSB+JFC, , , unDA, Wonder Stories, monthly bimonthly, Continuous page #ing in each volume, , 1939, 2, 12, 13-1, 14-3, B, 
http://static.free-dissociation.com/magventory/mag-010.jpg, kevinr, mgentile555, 9/27/2007, JSB+JFC, , , unDA, Wonder Stories, monthly bimonthly, Continuous page #ing in each volume, , 1940p1, 1, 6, 15-1, 16-3, B, monthly again
http://static.free-dissociation.com/magventory/mag-010.jpg, kevinr, mgentile555, 9/27/2007, JSB+JFC, , , unDA, Wonder Stories, monthly bimonthly, Continuous page #ing in each volume, , 1940p2, 7, 12, 17-1, 18-3, B, 
http://static.free-dissociation.com/magventory/mag-010.jpg, kevinr, mgentile555, 9/27/2007, JSB+JFC, , , unDA, Wonder Stories, monthly bimonthly, Continuous page #ing in each volume, , 1941p1, 1, 4, 19-1, 20-1, B, 
http://static.free-dissociation.com/magventory/mag-010.jpg, kevinr, mgentile555, 9/27/2007, JSB+JFC, , , unDA, Wonder Stories, monthly bimonthly, Continuous page #ing in each volume, , 1941p2, 6, 12, 20-2, 21-2, B, back to bimonthly
http://static.free-dissociation.com/magventory/mag-010.jpg, kevinr, mgentile555, 9/27/2007, JSB+JFC, , , unDA, Wonder Stories, monthly bimonthly, Continuous page #ing in each volume, , 1942, 2, 12, 21-3, 23-2, B, 
http://static.free-dissociation.com/magventory/mag-010.jpg, kevinr, mgentile555, 9/27/2007, JSB+JFC, , , unDA, Wonder Stories, monthly bimonthly, Continuous page #ing in each volume, , 1943, 2, Fall, 23-3, 25-1, B, becomes quarterly after August (24-3)
http://static.free-dissociation.com/magventory/mag-010.jpg, kevinr, mgentile555, 9/27/2007, JSB+JFC, , , unDA, Wonder Stories, monthly bimonthly, Continuous page #ing in each volume, , 1944, Win, Fall, 25-2, 26-2, B, 
http://static.free-dissociation.com/magventory/mag-011.jpg, kcr, mgentile555, 9/21, JSB+JFC, , , unDA, Weird Tales, (monthly) (bimonthly), Page #s [smudge]normal: continuity of #s stops, , 1939p2, 6/7, 12, 3-1, 34-6, B, 34-1 is June/July monthly
http://static.free-dissociation.com/magventory/mag-011.jpg, kcr, mgentile555, 9/21, JSB+JFC, , , unDA, Weird Tales, (monthly) (bimonthly), Page #s [smudge]normal: continuity of #s stops, , 1940, 1, 11, 35-1, 35-6, B, becomes bimonthly
http://static.free-dissociation.com/magventory/mag-011.jpg, kcr, mgentile555, 9/21, JSB+JFC, , , unDA, Weird Tales, (monthly) (bimonthly), Page #s [smudge]normal: continuity of #s stops, , 1941, 1, 11, 35-7, 36-2, B, (rolls at 35-10)
http://static.free-dissociation.com/magventory/mag-011.jpg, kcr, mgentile555, 9/21, JSB+JFC, , , unDA, Weird Tales, (monthly) (bimonthly), Page #s [smudge]normal: continuity of #s stops, , 1942, 1, 11, 36-3, 36-8, B, 
http://static.free-dissociation.com/magventory/mag-011.jpg, kcr, mgentile555, 9/21, JSB+JFC, , , unDA, Weird Tales, (monthly) (bimonthly), Page #s [smudge]normal: continuity of #s stops, , 1943, 1, 11, 36-9, 37-2, B, (rolls at 36-12)
http://static.free-dissociation.com/magventory/mag-011.jpg, kcr, mgentile555, 9/21, JSB+JFC, , , unDA, Weird Tales, (monthly) (bimonthly), Page #s [smudge]normal: continuity of #s stops, , 1944, 1, 11, 37-3, 38-2, B, (rolls at 37-6)
http://static.free-dissociation.com/magventory/mag-011.jpg, kcr, mgentile555, 9/21, JSB+JFC, , , unDA, Weird Tales, (monthly) (bimonthly), Page #s [smudge]normal: continuity of #s stops, , 1945, 1, 11, 38-3, 39-2, B, 
http://static.free-dissociation.com/magventory/mag-011.jpg, kcr, mgentile555, 9/21, JSB+JFC, , , unDA, Weird Tales, (monthly) (bimonthly), Page #s [smudge]normal: continuity of #s stops, , 1946, 1, 11, 39-3, 39-8, B, 
http://static.free-dissociation.com/magventory/mag-011.jpg, kcr, mgentile555, 9/21, JSB+JFC, , , unDA, Weird Tales, (monthly) (bimonthly), Page #s [smudge]normal: continuity of #s stops, , 1947, 1, 11, 39-9, 40-1, B, (May and July are both 39-11)
http://static.free-dissociation.com/magventory/mag-011.jpg, kcr, mgentile555, 9/21, JSB+JFC, , , unDA, Weird Tales, (monthly) (bimonthly), Page #s [smudge]normal: continuity of #s stops, , 1948, 1, 11, 40-2, 41-1, B, 
http://static.free-dissociation.com/magventory/mag-011.jpg, kcr, mgentile555, 9/21, JSB+JFC, , , unDA, Weird Tales, (monthly) (bimonthly), Page #s [smudge]normal: continuity of #s stops, , 1949, 1, 11, 41-2, 42-1, B, 
http://static.free-dissociation.com/magventory/mag-011.jpg, kcr, mgentile555, 9/21, JSB+JFC, , , unDA, Weird Tales, (monthly) (bimonthly), Page #s [smudge]normal: continuity of #s stops, , 1950, 1, 11, 42-2, 34-1, B, 
http://static.free-dissociation.com/magventory/mag-011.jpg, kcr, mgentile555, 9/21, JSB+JFC, , , unDA, Weird Tales, (monthly) (bimonthly), Page #s [smudge]normal: continuity of #s stops, , 1951, 1, 11, 43-2, 44-1, B, 
http://static.free-dissociation.com/magventory/mag-011.jpg, kcr, mgentile555, 9/21, JSB+JFC, , , unDA, Weird Tales, (monthly) (bimonthly), Page #s [smudge]normal: continuity of #s stops, , 1952, 1, 11, 44-2, 44-7, B, 
http://static.free-dissociation.com/magventory/mag-011.jpg, kcr, mgentile555, 9/21, JSB+JFC, , , unDA, Weird Tales, (monthly) (bimonthly), Page #s [smudge]normal: continuity of #s stops, , 1953p1, 1, 7, 44-8, 45-3, B, (March is 45-1)
http://static.free-dissociation.com/magventory/mag-011.jpg, kcr, mgentile555, 9/21, JSB+JFC, , , unDA, Weird Tales, (monthly) (bimonthly), Page #s [smudge]normal: continuity of #s stops, , 1943-43, 9/43, 9/44, 45-4, 46-4, B, (march is 46-1)
http://static.free-dissociation.com/magventory/mag-011.jpg, kcr, mgentile555, 9/21, JSB+JFC, , , unDA, Weird Tales, (monthly) (bimonthly), Page #s [smudge]normal: continuity of #s stops, , 1973-4, Sum/73; Fall/73, , 47-1, 47-4, B, "quarterly"
http://static.free-dissociation.com/magventory/mag-011.jpg, kcr, mgentile555, 9/21, JSB+JFC, , , unDA, Weird Tales, (monthly) (bimonthly), Page #s [smudge]normal: continuity of #s stops, , , Win/73, Sum/74, , , , 
http://static.free-dissociation.com/magventory/mag-011.jpg, kcr, mgentile555, 9/21, JSB+JFC, , , unDA, Weird Tales, (monthly) (bimonthly), Page #s [smudge]normal: continuity of #s stops, , , Fall/84, , 49-1, , U, 
http://static.free-dissociation.com/magventory/mag-011.jpg, kcr, mgentile555, 9/21, JSB+JFC, , , unDA, Weird Tales, (monthly) (bimonthly), Page #s [smudge]normal: continuity of #s stops, , , Spr/88, , 50-1(290), , U, 
http://static.free-dissociation.com/magventory/mag-011.jpg, kcr, mgentile555, 9/21, JSB+JFC, , , unDA, Weird Tales, (monthly) (bimonthly), Page #s [smudge]normal: continuity of #s stops, , , Spr/93, , 54-1(306), , U, 
http://static.free-dissociation.com/magventory/mag-012.jpg, nhinchen, mgentile555, 9/27/2007, JSB & JFC, , , unDA, Weird Tales, monthly, Page #s continuous through volume, , 1927p1, 1, 6, 9-1, 9-6, B, page #s continuous through vol
http://static.free-dissociation.com/magventory/mag-012.jpg, nhinchen, mgentile555, 9/27/2007, JSB & JFC, , , unDA, Weird Tales, monthly, Page #s continuous through volume, , 1927p2, 7, 12, 10-1, 10-6, B, page #s continuous through vol
http://static.free-dissociation.com/magventory/mag-012.jpg, nhinchen, mgentile555, 9/27/2007, JSB & JFC, , , unDA, Weird Tales, monthly, Page #s continuous through volume, , 1928p1, 1, 6, 11-1, 11-6, B, page #s continuous through vol
http://static.free-dissociation.com/magventory/mag-012.jpg, nhinchen, mgentile555, 9/27/2007, JSB & JFC, , , unDA, Weird Tales, monthly, Page #s continuous through volume, , 1928p2, 7, 12, 12-1, 12-6, B, page #s continuous through vol
http://static.free-dissociation.com/magventory/mag-012.jpg, nhinchen, mgentile555, 9/27/2007, JSB & JFC, , , unDA, Weird Tales, monthly, Page #s continuous through volume, , 1929p1, 1, 6, 13-1, 13-6, B, page #s continuous through vol
http://static.free-dissociation.com/magventory/mag-012.jpg, nhinchen, mgentile555, 9/27/2007, JSB & JFC, , , unDA, Weird Tales, monthly, Page #s continuous through volume, , 1929p2, 7, 12, 14-1, 14-6, B, page #s continuous through vol
http://static.free-dissociation.com/magventory/mag-012.jpg, nhinchen, mgentile555, 9/27/2007, JSB & JFC, , , unDA, Weird Tales, monthly, Page #s continuous through volume, , 1930p1, 1, 6, 15-1, 15-6, B, page #s continuous through vol
http://static.free-dissociation.com/magventory/mag-012.jpg, nhinchen, mgentile555, 9/27/2007, JSB & JFC, , , unDA, Weird Tales, monthly, Page #s continuous through volume, , 1930p2, 7, 12, 16-1, 16-6, B, 
http://static.free-dissociation.com/magventory/mag-012.jpg, nhinchen, mgentile555, 9/27/2007, JSB & JFC, , , unDA, Weird Tales, monthly, Page #s continuous through volume, , 1931p1, 1; 2&3; 4&5; 6&7*, , 17-1, 17-4, B, 3 issues are 2-in-1
http://static.free-dissociation.com/magventory/mag-012.jpg, nhinchen, mgentile555, 9/27/2007, JSB & JFC, , , unDA, Weird Tales, monthly, Page #s continuous through volume, , 1931p2, 8, 12, 18-1, 18-5, B, return to monthly
http://static.free-dissociation.com/magventory/mag-012.jpg, nhinchen, mgentile555, 9/27/2007, JSB & JFC, , , unDA, Weird Tales, monthly, Page #s continuous through volume, , 1932p1, 1, 6, 19-1, 19-6, B, 
http://static.free-dissociation.com/magventory/mag-012.jpg, nhinchen, mgentile555, 9/27/2007, JSB & JFC, , , unDA, Weird Tales, monthly, Page #s continuous through volume, , 1932p2, 7, 12, 20-1, 20-6, B, 
http://static.free-dissociation.com/magventory/mag-012.jpg, nhinchen, mgentile555, 9/27/2007, JSB & JFC, , , unDA, Weird Tales, monthly, Page #s continuous through volume, , 1933p1, 1, 6, 21-1, 21-6, B, 
http://static.free-dissociation.com/magventory/mag-012.jpg, nhinchen, mgentile555, 9/27/2007, JSB & JFC, , , unDA, Weird Tales, monthly, Page #s continuous through volume, , 1933p2, 7, 12, 22-1, 22-6, B, 
http://static.free-dissociation.com/magventory/mag-012.jpg, nhinchen, mgentile555, 9/27/2007, JSB & JFC, , , unDA, Weird Tales, monthly, Page #s continuous through volume, , 1934p1, 1, 6, 23-1, 23-6, B, 
http://static.free-dissociation.com/magventory/mag-012.jpg, nhinchen, mgentile555, 9/27/2007, JSB & JFC, , , unDA, Weird Tales, monthly, Page #s continuous through volume, , 1934p2, 7, 12, 24-1, 24-6, B, 
http://static.free-dissociation.com/magventory/mag-012.jpg, nhinchen, mgentile555, 9/27/2007, JSB & JFC, , , unDA, Weird Tales, monthly, Page #s continuous through volume, , 1935p1, 1, 6, 25-1, 25-6, B, 
http://static.free-dissociation.com/magventory/mag-012.jpg, nhinchen, mgentile555, 9/27/2007, JSB & JFC, , , unDA, Weird Tales, monthly, Page #s continuous through volume, , 1935p2, 7, 12, 26-1, 26-6, B, 
http://static.free-dissociation.com/magventory/mag-012.jpg, nhinchen, mgentile555, 9/27/2007, JSB & JFC, , , unDA, Weird Tales, monthly, Page #s continuous through volume, , 1936p1, 1, 6, 27-1, 27-6, B, 
http://static.free-dissociation.com/magventory/mag-012.jpg, nhinchen, mgentile555, 9/27/2007, JSB & JFC, , , unDA, Weird Tales, monthly, Page #s continuous through volume, , 1936p2, 7, 12, 28-1, 28-5, B, Aug/Sept together as 28-2
http://static.free-dissociation.com/magventory/mag-012.jpg, nhinchen, mgentile555, 9/27/2007, JSB & JFC, , , unDA, Weird Tales, monthly, Page #s continuous through volume, , 1937p1, 1, 6, 29-1, 29-6, B, 
http://static.free-dissociation.com/magventory/mag-012.jpg, nhinchen, mgentile555, 9/27/2007, JSB & JFC, , , unDA, Weird Tales, monthly, Page #s continuous through volume, , 1937p2, 7, 12, 30-1, 30-6, B, 
http://static.free-dissociation.com/magventory/mag-012.jpg, nhinchen, mgentile555, 9/27/2007, JSB & JFC, , , unDA, Weird Tales, monthly, Page #s continuous through volume, , 1938p1, 1, 6, 31-1, 31-6, B, 
http://static.free-dissociation.com/magventory/mag-012.jpg, nhinchen, mgentile555, 9/27/2007, JSB & JFC, , , unDA, Weird Tales, monthly, Page #s continuous through volume, , 1938p2, 7, 12, 32-1, 32-6, B, 
http://static.free-dissociation.com/magventory/mag-012.jpg, nhinchen, mgentile555, 9/27/2007, JSB & JFC, , , unDA, Weird Tales, monthly, Page #s continuous through volume, , 1939p1, 1, 5, 33-1, 33-5, B, continuous numbering stops
http://static.free-dissociation.com/magventory/mag-012.jpg, nhinchen, mgentile555, 9/27/2007, JSB & JFC, , , unDA, Weird Tales, monthly, Page #s continuous through volume, *the list of numbers spans 2 columns, Date Start and Date End, , , , , , 
http://static.free-dissociation.com/magventory/mag-013.jpg, mkr, mgentile555, 4/20/2007, JSB + JFC, , , unDA, misc, , , , 1973-74, 4/73, 2/74, 1-1, 1-6, B, Vertex (bimonthly), Binding Status: 
http://static.free-dissociation.com/magventory/mag-013.jpg, mkr, mgentile555, 4/20/2007, JSB + JFC, , , unDA, misc, , , , 1974-75, 4/74, 4/75, 2-1, 3-1, B, Vertex (bimonthly), Binding Status: 
http://static.free-dissociation.com/magventory/mag-013.jpg, mkr, mgentile555, 4/20/2007, JSB + JFC, , , unDA, misc, , , , , , , 3-2, 3-4, U, Vertex (bimonthly), Binding Status: 
http://static.free-dissociation.com/magventory/mag-013.jpg, mkr, mgentile555, 4/20/2007, JSB + JFC, , , unDA, misc, , , , 1969-70, 8 9 or 12, 11/19*, 1-1, 1-12, B, Vision of Tomorrow, Binding Status: 
http://static.free-dissociation.com/magventory/mag-013.jpg, mkr, mgentile555, 4/20/2007, JSB + JFC, , , unDA, misc, , , , , 1; 2; 3; 4; 5; 7; 8; 9/10, , , , , , Binding Status: 
http://static.free-dissociation.com/magventory/mag-013.jpg, mkr, mgentile555, 4/20/2007, JSB + JFC, , , unDA, misc, , , , , fall; winter; spr; sum, , 1, 4, B, Weird Mystery, Binding Status: bound together
http://static.free-dissociation.com/magventory/mag-013.jpg, mkr, mgentile555, 4/20/2007, JSB + JFC, , , unDA, misc, , , , , , , 1971*, , , , Binding Status: bound together
http://static.free-dissociation.com/magventory/mag-013.jpg, mkr, mgentile555, 4/20/2007, JSB + JFC, , , unDA, misc, , , , 1954, , , 1-1, 1-2, , Science Fiction Digest, Binding Status: bound together
http://static.free-dissociation.com/magventory/mag-014.jpg, mkr, mgentile555, 9/20/2007, JSB + JFC, , , unDA, Venture (American and/or British), monthly; bimonthly; quarterly, , , 1957, 1, 11, 1-1, 1-6, B, American edition
http://static.free-dissociation.com/magventory/mag-014.jpg, mkr, mgentile555, 9/20/2007, JSB + JFC, , , unDA, Venture (American and/or British), monthly; bimonthly; quarterly, , , 1958, 1, 7, 2-10, 2-400*, B, 
http://static.free-dissociation.com/magventory/mag-014.jpg, mkr, mgentile555, 9/20/2007, JSB + JFC, , , unDA, Venture (American and/or British), monthly; bimonthly; quarterly, , , 1969-70, 5; 8; 11/69, 2; 5; 8/70, 3-100, 4-300, B, "quarterly"
http://static.free-dissociation.com/magventory/mag-014.jpg, mkr, mgentile555, 9/20/2007, JSB + JFC, , , unDA, Venture (American and/or British), monthly; bimonthly; quarterly, , , 1963, 9, 12, 1, 4, B, British edition "monthly"
http://static.free-dissociation.com/magventory/mag-014.jpg, mkr, mgentile555, 9/20/2007, JSB + JFC, , , unDA, Venture (American and/or British), monthly; bimonthly; quarterly, , , 1964p1, 1, 6, 5, 10, B, 
http://static.free-dissociation.com/magventory/mag-014.jpg, mkr, mgentile555, 9/20/2007, JSB + JFC, , , unDA, Venture (American and/or British), monthly; bimonthly; quarterly, , , 1964, 8; 9; 11, , 12; 13; 15, , U, 
http://static.free-dissociation.com/magventory/mag-014.jpg, mkr, mgentile555, 9/20/2007, JSB + JFC, , , unDA, Venture (American and/or British), monthly; bimonthly; quarterly, , , 1965, 2; 3; 5, 12, 18; 19, 21; 28, U, 
http://static.free-dissociation.com/magventory/mag-014.jpg, mkr, mgentile555, 9/20/2007, JSB + JFC, , , unDA, Venture (American and/or British), monthly; bimonthly; quarterly, , , 1965, 6, , 22, , U, 
http://static.free-dissociation.com/magventory/mag-015.jpg, mkr, mgentile555, 9/20/2007, JSB + JFC, , , unDA, misc, , , , 1955p1, 5/55, 7/55; 9/55, 11(32), 13(34), B, Other Worlds Science Stories (may be "Universe" too)
http://static.free-dissociation.com/magventory/mag-015.jpg, mkr, mgentile555, 9/20/2007, JSB + JFC, , , unDA, misc, , , , 1955-56, 11/55; 2; 4, 6; 9; 11/56, 14(35), 19(40), B, Other Worlds Science Stories (may be "Universe" too) note dual issue numbers
http://static.free-dissociation.com/magventory/mag-015.jpg, mkr, mgentile555, 9/20/2007, JSB + JFC, , , unDA, misc, , , , , 5/57, , 21(42), , U, Other Worlds Science Stories (may be "Universe" too)
http://static.free-dissociation.com/magventory/mag-015.jpg, mkr, mgentile555, 9/20/2007, JSB + JFC, , , unDA, misc, , , , 1953-54, 6/53; 9; 12/53, 3; 5/54*, 1, 5, B, Universe (inter merges w other worlds)
http://static.free-dissociation.com/magventory/mag-015.jpg, mkr, mgentile555, 9/20/2007, JSB + JFC, , , unDA, misc, , , , 1954-55, 7; 9; 11/54, 2; 3/55, 6, 10, B, Universe (inter merges w other worlds)
http://static.free-dissociation.com/magventory/mag-015.jpg, mkr, mgentile555, 9/20/2007, JSB + JFC, , , unDA, misc, , , , 1939p1, 3, 7, 1-1, 1-5, B, Unknown (monthly)
http://static.free-dissociation.com/magventory/mag-015.jpg, mkr, mgentile555, 9/20/2007, JSB + JFC, , , unDA, misc, , , , 1939p2, 8, 12, 1-6, 2-4, B, Unknown (monthly)
http://static.free-dissociation.com/magventory/mag-015.jpg, mkr, mgentile555, 9/20/2007, JSB + JFC, , , unDA, misc, , , , 1940p1, 1, 6, 2-5, 3-4, B, Unknown (monthly)
http://static.free-dissociation.com/magventory/mag-015.jpg, mkr, mgentile555, 9/20/2007, JSB + JFC, , , unDA, misc, , , , 1940p2, 7, 12, 3-5, 4-4, B, Unknown (monthly)
http://static.free-dissociation.com/magventory/mag-015.jpg, mkr, mgentile555, 9/20/2007, JSB + JFC, , , unDA, misc, , , , 1941p1, 2; 4; 6; 8, , 4-5, 5-2, B, Unknown (monthly) (becomes bimonthly)
http://static.free-dissociation.com/magventory/mag-015.jpg, mkr, mgentile555, 9/20/2007, JSB + JFC, , , unDA, misc, , , , 1941-42, 10/41, 6/42*, 5-3, 6-1, B, Unknown Worlds (name change)
http://static.free-dissociation.com/magventory/mag-015.jpg, mkr, mgentile555, 9/20/2007, JSB + JFC, , , unDA, misc, , , , 1942-43, 8/42, 4/43, 6-2, 6-6, B, Unknown Worlds (name change)
http://static.free-dissociation.com/magventory/mag-015.jpg, mkr, mgentile555, 9/20/2007, JSB + JFC, , , unDA, misc, , , , 1943p2, 6/43, 10/43, 7-1, 7-3, B, 
http://static.free-dissociation.com/magventory/mag-015.jpg, mkr, mgentile555, 9/20/2007, JSB + JFC, , , unDA, misc, , , , , 1 2 ?/1954, , 1-1, 1-3, B, Vargo Statten Science Fiction Magazine
http://static.free-dissociation.com/magventory/mag-015.jpg, mkr, mgentile555, 9/20/2007, JSB + JFC, , , unDA, misc, , , , , 6/58, , 1-1, , B, Vanguard (bound together)
http://static.free-dissociation.com/magventory/mag-015.jpg, mkr, mgentile555, 9/20/2007, JSB + JFC, , , unDA, misc, , , , , 1953?, , 1-1, 1-2, , Vortex (bound together)
http://static.free-dissociation.com/magventory/mag-015.jpg, mkr, mgentile555, 9/20/2007, JSB + JFC, , , unDA, misc, , , , , 12/50*, 2/1951, 1-1, 1-3, , Worlds Beyond (bound together)
http://static.free-dissociation.com/magventory/mag-015.jpg, mkr, mgentile555, 9/20/2007, JSB + JFC, , , unDA, misc, , , , , , , 1-5, , U, Vargo Statten British Science Fiction Magazine
http://static.free-dissociation.com/magventory/mag-016.jpg, dnawi, mgentile555, 9/20/2007, JSB+JFC, , , unDA, misc, , , , 1993-94, [1/93; 4/93; 7/93; 8/93; 10/93; 12/93; [2; 4; 6; 8; 10; 12]/94], , 1 (1-1), 1-2 (2-6), B, Tomorrow Speculative Fiction
http://static.free-dissociation.com/magventory/mag-016.jpg, dnawi, mgentile555, 9/20/2007, JSB+JFC, , , unDA, misc, , , , 1993-94, [1/93; 4/93; 7/93; 8/93; 10/93; 12/93; [2; 4; 6; 8; 10; 12]/94], , 1, 10, B, Twilight Zine
http://static.free-dissociation.com/magventory/mag-016.jpg, dnawi, mgentile555, 9/20/2007, JSB+JFC, , , unDA, misc, , , , 1993-94, [1/93; 4/93; 7/93; 8/93; 10/93; 12/93; [2; 4; 6; 8; 10; 12]/94], , 11, 20, B, Twilight Zine also includes "Appalling Stories #19" asa TZ companion to #19
http://static.free-dissociation.com/magventory/mag-016.jpg, dnawi, mgentile555, 9/20/2007, JSB+JFC, , , unDA, misc, , , , 1993-94, [1/93; 4/93; 7/93; 8/93; 10/93; 12/93; [2; 4; 6; 8; 10; 12]/94], , 21, 30, B, TZ
http://static.free-dissociation.com/magventory/mag-016.jpg, dnawi, mgentile555, 9/20/2007, JSB+JFC, , , unDA, misc, , , , 1993-94, [1/93; 4/93; 7/93; 8/93; 10/93; 12/93; [2; 4; 6; 8; 10; 12]/94], , 31, 40, B, TZ 33 is 1/80; 34 is 1/83; 35 is 9/83; 36 is fall/85; 37 is fall/86; 38 is Spr/87; 39 is Fall/87; 40 is IAP/89
http://static.free-dissociation.com/magventory/mag-016.jpg, dnawi, mgentile555, 9/20/2007, JSB+JFC, , , unDA, misc, , , , 1950-52, Win/50; [Spr; Sum; Win]/57; Spr/52, , 1 (1-1), 5 (1-5), B, Two Complete Science Adventure Books
http://static.free-dissociation.com/magventory/mag-016.jpg, dnawi, mgentile555, 9/20/2007, JSB+JFC, , , unDA, misc, , , , 1952-59, [Sum; Win]/52; [Spr; Sum]/53; Win/53; Spr/54, , 6 (1-6), 11 (1-11), B, Two Complete Science Adventure Books
http://static.free-dissociation.com/magventory/mag-016.jpg, dnawi, mgentile555, 9/20/2007, JSB+JFC, , , unDA, misc, , , , 1977, [Win; Spr; Sum], 1-1 (1), 1-3 (3), , B, Unearth
http://static.free-dissociation.com/magventory/mag-016.jpg, dnawi, mgentile555, 9/20/2007, JSB+JFC, , , unDA, misc, , , , 1977-79, [Fall/77; [Win; Spr; Sum]/78; Win/79, 1-4 (4), , 1-4 (8), B, Unearth; "Ultimate Reprints" - not a magazine name; just binding name; "Fantastic Adventures Yearbook 1970"; "Science Fiction Adventures Yearbook 1970"
http://static.free-dissociation.com/magventory/mag-017.jpg, dnawi, mgentile555, 9/20/2007, JSB+JFC, , , unDA, Thrilling Science Fiction, quarterly (except when bimonthly), , , 1966-67, , , 1, 7, B, "The Most Thrilling Science Fiction Ever Told"; four issues in '66; 3 in '67; last fall & winter; no other date info
http://static.free-dissociation.com/magventory/mag-017.jpg, dnawi, mgentile555, 9/20/2007, JSB+JFC, , , unDA, Thrilling Science Fiction, quarterly (except when bimonthly), , , 1968-69, Spr 69, Sum 69, 8, 13, B, 
http://static.free-dissociation.com/magventory/mag-017.jpg, dnawi, mgentile555, 9/20/2007, JSB+JFC, , , unDA, Thrilling Science Fiction, quarterly (except when bimonthly), , , 1969-70, Fall 69, Win 70, 14, 18, B, (no winter '69)
http://static.free-dissociation.com/magventory/mag-017.jpg, dnawi, mgentile555, 9/20/2007, JSB+JFC, , , unDA, Thrilling Science Fiction, quarterly (except when bimonthly), , , 1971-72, Spr 71, Apr 72, 19, 24, B, [Spr; Sum; Fall; Dec]/71; [2; 4]/72; becomes bimonthly
http://static.free-dissociation.com/magventory/mag-017.jpg, dnawi, mgentile555, 9/20/2007, JSB+JFC, , , unDA, Thrilling Science Fiction, quarterly (except when bimonthly), , , 1972 (2), 6/72, 12/72, 25, , B, numbers stop at 26
http://static.free-dissociation.com/magventory/mag-017.jpg, dnawi, mgentile555, 9/20/2007, JSB+JFC, , , unDA, Thrilling Science Fiction, quarterly (except when bimonthly), , , 1973, 2/73, 12/73, , , B, 
http://static.free-dissociation.com/magventory/mag-017.jpg, dnawi, mgentile555, 9/20/2007, JSB+JFC, , , unDA, Thrilling Science Fiction, quarterly (except when bimonthly), , , 1974-75, 2/74, 12/74, , , B, "combined with SF Adventures" in 4/75 only
http://static.free-dissociation.com/magventory/mag-017.jpg, dnawi, mgentile555, 9/20/2007, JSB+JFC, , , unDA, Thrilling Science Fiction, quarterly (except when bimonthly), , , 1974-75, 4/75, 6/75, , , B, "combined with SF Adventures" in 4/75 only
http://static.free-dissociation.com/magventory/mag-018.jpg, mkr, mgentile555, 9/7/07, KKB, , , New Mags, misc, , New mags from the mail, , 2007, spring, , #68(19-1), , U, Onspec
http://static.free-dissociation.com/magventory/mag-018.jpg, mkr, mgentile555, 9/7/07, KKB, , , New Mags, misc, , New mags from the mail, , 2007, 6, , 19-10, , U, The New York Review of Science Fiction
http://static.free-dissociation.com/magventory/mag-018.jpg, mkr, mgentile555, 9/7/07, KKB, , , New Mags, misc, , New mags from the mail, , 2007, 8, , 19-12, , U, The New York Review of Science Fiction
http://static.free-dissociation.com/magventory/mag-018.jpg, mkr, mgentile555, 9/7/07, KKB, , , New Mags, misc, , New mags from the mail, , 2007, 6, , 210, , U, Interzone
http://static.free-dissociation.com/magventory/mag-018.jpg, mkr, mgentile555, 9/7/07, KKB, , , New Mags, misc, , New mags from the mail, , 2007, 8, , 13-6, , U, Realms of Fantasy
http://static.free-dissociation.com/magventory/mag-018.jpg, mkr, mgentile555, 9/7/07, KKB, , , New Mags, misc, , New mags from the mail, , 2007, 8, , #559 (59-2), , U, Locus
http://static.free-dissociation.com/magventory/mag-018.jpg, mkr, mgentile555, 9/7/07, KKB, , , New Mags, misc, , New mags from the mail, , 2007, 9, , 127-9, , U, Analog
http://static.free-dissociation.com/magventory/mag-018.jpg, mkr, mgentile555, 9/7/07, KKB, , , New Mags, misc, , New mags from the mail, , 2007, 8, , 379 (31-8), , U, Asimov's Science Fiction
http://static.free-dissociation.com/magventory/mag-018.jpg, mkr, mgentile555, 9/7/07, KKB, , , New Mags, misc, , New mags from the mail, , 2007, 10/11, , 381&382 (31-10 &11), , U, Asimov's Science Fiction
http://static.free-dissociation.com/magventory/mag-018.jpg, mkr, mgentile555, 9/7/07, KKB, , , New Mags, misc, , New mags from the mail, , 2007, 6, , 662(112-6), , U, Fantasy and Science Fiction
http://static.free-dissociation.com/magventory/mag-018.jpg, mkr, mgentile555, 9/7/07, KKB, , , New Mags, misc, , New mags from the mail, , 2007, 7, , 663(113-1), , U, Fantasy and Science Fiction
http://static.free-dissociation.com/magventory/mag-018.jpg, mkr, mgentile555, 9/7/07, KKB, , , New Mags, misc, , New mags from the mail, , 2007, 8, , 664(113-2), , U, Fantasy and Science Fiction
http://static.free-dissociation.com/magventory/mag-018.jpg, mkr, mgentile555, 9/7/07, KKB, , , New Mags, misc, , New mags from the mail, , 2007, 10/11, , 666(113-4 &5), , U, Fantasy and Science Fiction
http://static.free-dissociation.com/magventory/mag-019.jpg, dnawi, mgentile555, 8/27/2007, JSB+JFC, , , unDA, misc, , , , 1941-2, 2; 4; 6/41, 3/42, 1-1, 2-1, B, Stirring Science Stories, Binding Status: 
http://static.free-dissociation.com/magventory/mag-019.jpg, dnawi, mgentile555, 8/27/2007, JSB+JFC, , , unDA, misc, , , , 1970, 6/1970, x4, 1-1 x4, , B, Story Digest Magazines: "Boris Karloff Tales of Mystery"; "Believe it or not: True Ghost Stories"; "Tarzan of the Apes"; "Dark Shadows"; 4 subtitles of magazine; each is issue 1-1; June '70 (weird), Binding Status: 
http://static.free-dissociation.com/magventory/mag-019.jpg, dnawi, mgentile555, 8/27/2007, JSB+JFC, , , unDA, misc, , , , 1969-70, Spr-Fall/69; Spr-Fall/70, , 8, 13, B, Strange Fantasy (3x/year), Binding Status: 
http://static.free-dissociation.com/magventory/mag-019.jpg, dnawi, mgentile555, 8/27/2007, JSB+JFC, , , unDA, misc, , , , 1931-2, 9/31, 3/32, 1-1, 2-1, B, Strange Tales (bimonthly), Binding Status: 
http://static.free-dissociation.com/magventory/mag-019.jpg, dnawi, mgentile555, 8/27/2007, JSB+JFC, , , unDA, misc, , , , 1956-7, 12/56, 12/57, 1-1, 2-1, B, Super-Science Fiction (bimonthly), Binding Status: 
http://static.free-dissociation.com/magventory/mag-019.jpg, dnawi, mgentile555, 8/27/2007, JSB+JFC, , , unDA, misc, , , , 1958, 2, 12, 2-2, 3-1, B, Super-Science Fiction (bimonthly), Binding Status: 
http://static.free-dissociation.com/magventory/mag-019.jpg, dnawi, mgentile555, 8/27/2007, JSB+JFC, , , unDA, misc, , , , 1959, 2, 10, 3-2, 3-6, B, Super-Science Fiction (bimonthly), Binding Status: 
